Lake, Campus
17.6666666, 2
9.33333333, 6.33
18, 6.33
12, 9.33
7, 1
30.33, 1.66
7, 1.33
12.33, 1.66
15.66, 0.33
14.33, 8.66
